id;profile_for;first_name;last_name;date_of_birth;religion;community;sub_community;living_in;email;mobile_number;city;lives_with_family;marital_status;height;diet;highest_qualification;college_name;profession;created_at;updated_at;profile_photo_url;profile_photo_url_2;profile_photo_url_3;smoking;drinking;state;interested_for
a252f096-4d41-497d-9a49-662d6eb0877a;myself;Ethan ;Williams;2000-01-02;christian;;;Texas;ethanwilliam@gmail.com;18889277672;Austin;true;never-married;5'8;non-vegetarian;masters;;Software Developer;2025-10-18 21:40:44.148013+00;2025-10-18 21:40:45.811133+00;https://rndydzwhvkxosnbkovra.supabase.co/storage/v1/object/public/profile-photos/a252f096-4d41-497d-9a49-662d6eb0877a/profile_1.jpg;;;yes;yes;;
ea3d8ae0-151f-4881-aeec-ae7e2bc449d8;myself;Jacob ;Brown;2004-01-01;christian;;;Los Angeles;jacob@gmail.com;18889277892;Jewish;true;never-married;5'2;eggetarian;bachelors;;Ai Engineer;2025-10-18 21:48:46.320765+00;2025-10-18 21:48:47.922428+00;https://rndydzwhvkxosnbkovra.supabase.co/storage/v1/object/public/profile-photos/ea3d8ae0-151f-4881-aeec-ae7e2bc449d8/profile_1.jpg;;;yes;yes;;
4d4f34cf-fb2b-418d-a227-e8b4ba7a5e13;son;Emily;Carter;1997-01-01;christian;;;United States ;emily@gmail.com;18889276082;Sheridan;false;never-married;5'4;eggetarian;bachelors;;Data Analyst;2025-10-18 21:25:30.474806+00;2025-10-18 21:50:22.473677+00;https://rndydzwhvkxosnbkovra.supabase.co/storage/v1/object/public/profile-photos/4d4f34cf-fb2b-418d-a227-e8b4ba7a5e13/profile_1.jpg;;;occasionally;occasionally;;
b22ed3c8-e667-4d6a-9147-f952db97f806;myself;Noah ;Kim;2001-01-01;other;;;Seoul Capital Area;noah@gmail.com;18788277072;Seoul;true;never-married;5'2;vegetarian;phd;;Graphic Designer;2025-10-18 21:53:51.901995+00;2025-10-18 21:53:53.400114+00;https://rndydzwhvkxosnbkovra.supabase.co/storage/v1/object/public/profile-photos/b22ed3c8-e667-4d6a-9147-f952db97f806/profile_1.jpg;;;yes;no;;
716501a3-3bec-4b1f-b684-3f145f9b1aca;son;Aarav ;Mehta;1998-01-01;hindu;;;New Jersey;arav@gmail.com;1888927872;New Jersey;true;never-married;5'5;vegetarian;bachelors;;Data Scientist;2025-10-18 21:57:30.760783+00;2025-10-18 21:57:32.361822+00;https://rndydzwhvkxosnbkovra.supabase.co/storage/v1/object/public/profile-photos/716501a3-3bec-4b1f-b684-3f145f9b1aca/profile_1.jpg;;;no;no;;
6f9f85d1-bd2e-47e2-98c0-74da44fe58fd;myself;Ryan; Anderson;1998-01-01;christian;;;Washington;ryan@gmail.com;18989277072;Seattle;true;never-married;5'7;vegetarian;masters;;Cloud Engineer;2025-10-18 22:01:28.542081+00;2025-10-18 22:01:30.091182+00;https://rndydzwhvkxosnbkovra.supabase.co/storage/v1/object/public/profile-photos/6f9f85d1-bd2e-47e2-98c0-74da44fe58fd/profile_1.jpg;;;yes;yes;;
3ff788e7-4756-4b27-bb92-596196818300;myself;Chloe ;Richardson;1995-01-01;christian;;;California;chloe@gmail.com;18779277072;Los Angeles;true;never-married;5'2;non-vegetarian;diploma;;Marketing Coordinator;2025-10-18 22:09:35.476891+00;2025-10-18 22:09:37.724422+00;https://rndydzwhvkxosnbkovra.supabase.co/storage/v1/object/public/profile-photos/3ff788e7-4756-4b27-bb92-596196818300/profile_1.jpg;;;yes;no;;
4909d2f8-f72d-4c32-b06c-ef19e2631237;myself;Mia ;Roberts;2000-01-01;christian;;;New York;Miarobert@gmail.com;18889266072;New York City;true;never-married;5'1;vegan;bachelors;;Social Media Manager;2025-10-18 21:32:52.92704+00;2025-10-18 21:32:54.437757+00;https://rndydzwhvkxosnbkovra.supabase.co/storage/v1/object/public/profile-photos/4909d2f8-f72d-4c32-b06c-ef19e2631237/profile_1.jpg;;;yes;no;;
272168cc-1b07-46de-8f15-c4af4a14c926;myself;Hailey;Morgan;1987-02-01;christian;;;New York City;hailey@gmail.com;16669277072;New York;false;never-married;5'0;vegan;bachelors;;Cloud Engineer;2025-10-18 22:11:58.405287+00;2025-10-18 22:11:59.997042+00;https://rndydzwhvkxosnbkovra.supabase.co/storage/v1/object/public/profile-photos/272168cc-1b07-46de-8f15-c4af4a14c926/profile_1.jpg;;;yes;occasionally;;
bedde4eb-272a-43b5-974b-145b58a2328c;myself;Deepanshu;Chaudhary;2002-02-06;hindu;;;United States;owner@shefsolutionsllc.com;2392685001;Washington DC;false;never-married;6'0;vegetarian;bachelors;;Business Owner;2025-10-19 20:39:56.626584+00;2025-10-19 20:39:58.250234+00;https://rndydzwhvkxosnbkovra.supabase.co/storage/v1/object/public/profile-photos/bedde4eb-272a-43b5-974b-145b58a2328c/profile_1.jpg;;;yes;yes;;
cd30207c-fa83-44d6-89aa-eebe633fd1a5;myself;Shenzi;Roy;1997-09-05;hindu;;;USA;shephalisin@gmail.com;8553333699;California;true;never-married;5'7;vegetarian;bachelors;;Engineer;2025-10-19 20:48:37.807319+00;2025-10-19 20:48:40.1375+00;https://rndydzwhvkxosnbkovra.supabase.co/storage/v1/object/public/profile-photos/cd30207c-fa83-44d6-89aa-eebe633fd1a5/profile_1.jpeg;;;no;no;;
d7cf0be4-95b2-4fb1-b1ad-ce8d9aa296e3;myself;Ravil;Galiulin;1988-11-12;christian;;;USA;grgrgr1288@gmail.com;	+918130323355;New York ;false;never-married;6'1;non-vegetarian;bachelors;;enterprise management;2025-10-21 13:05:57.398484+00;2025-10-21 13:06:07.524518+00;https://rndydzwhvkxosnbkovra.supabase.co/storage/v1/object/public/profile-photos/d7cf0be4-95b2-4fb1-b1ad-ce8d9aa296e3/profile_1.jpeg;https://rndydzwhvkxosnbkovra.supabase.co/storage/v1/object/public/profile-photos/d7cf0be4-95b2-4fb1-b1ad-ce8d9aa296e3/profile_2.jpeg;https://rndydzwhvkxosnbkovra.supabase.co/storage/v1/object/public/profile-photos/d7cf0be4-95b2-4fb1-b1ad-ce8d9aa296e3/profile_3.jpeg;no;no;;
3c2a5c9c-2c68-42dc-a7a8-39ba8b97a78c;myself;Ashutosh;Rai;1997-07-06;hindu;;;USA;ashutoshrai7217@gmail.com;	+918532989260;NY;false;never-married;5'8;eggetarian;masters;;Software Developer;2025-10-21 13:10:31.782122+00;2025-10-21 13:10:34.160536+00;https://rndydzwhvkxosnbkovra.supabase.co/storage/v1/object/public/profile-photos/3c2a5c9c-2c68-42dc-a7a8-39ba8b97a78c/profile_1.jpeg;;;no;occasionally;;
4eec49e1-f16a-4a43-b7c0-dc810501a2ff;myself;Chloe;Richardson;1998-11-22;buddhist;;;America;chloe.richardson98@gmail.com;	+1 (347) 629-4713;New York,;true;never-married;5'6;vegan;masters;;Ai Engineer;2025-10-21 15:18:15.959204+00;2025-10-21 15:18:18.407926+00;https://rndydzwhvkxosnbkovra.supabase.co/storage/v1/object/public/profile-photos/4eec49e1-f16a-4a43-b7c0-dc810501a2ff/profile_1.jpg;;;occasionally;occasionally;;
c10c14b6-210e-432e-aec2-650d2584ff97;myself;Ranjan;Pande;1990-08-27;hindu;;;UNITED STATES;ranjanp421@gmail.com;	+918828482183;Texas;false;never-married;6'0;vegetarian;masters;;Business ;2025-10-21 14:32:47.695431+00;2025-10-21 14:32:58.443934+00;https://rndydzwhvkxosnbkovra.supabase.co/storage/v1/object/public/profile-photos/c10c14b6-210e-432e-aec2-650d2584ff97/profile_1.webp;https://rndydzwhvkxosnbkovra.supabase.co/storage/v1/object/public/profile-photos/c10c14b6-210e-432e-aec2-650d2584ff97/profile_2.jpg;https://rndydzwhvkxosnbkovra.supabase.co/storage/v1/object/public/profile-photos/c10c14b6-210e-432e-aec2-650d2584ff97/profile_3.jpg;no;no;;
7b353c17-fdd0-4411-988d-45736ec42e55;myself;Hailey;Morgan;1999-11-07;christian;;;America;hailey.morgan98@gmail.com;	+1 (213) 745-9286;texas;true;never-married;5'7;vegetarian;bachelors;;Content Writer ;2025-10-21 15:02:39.252317+00;2025-10-21 15:02:41.866379+00;https://rndydzwhvkxosnbkovra.supabase.co/storage/v1/object/public/profile-photos/7b353c17-fdd0-4411-988d-45736ec42e55/profile_1.jpg;;;occasionally;occasionally;;
bb027387-411a-4684-bc17-dfe57c401584;myself;Ankit;Agrawal;1997-09-12;hindu;;;;ankitagrawaljhansi1@gmail.com;8808428293;Noida;false;never-married;5'7;vegetarian;bachelors;;Software Engineer;2025-10-21 16:32:47.552811+00;2025-10-21 16:32:50.805478+00;https://rndydzwhvkxosnbkovra.supabase.co/storage/v1/object/public/profile-photos/bb027387-411a-4684-bc17-dfe57c401584/profile_1.jpg;;;no;no;Uttar Pradesh;dating
c01de76e-070f-411c-be74-0d4826e0d1f8;son;Ankit;Kumar;2007-10-12;christian;;;;ankit.develor2004@gmail.com;2548466494646;Hahah;false;widowed;5'4;vegan;bachelors;;Hi;2025-10-21 17:54:34.779184+00;2025-10-21 17:54:38.717261+00;https://rndydzwhvkxosnbkovra.supabase.co/storage/v1/object/public/profile-photos/c01de76e-070f-411c-be74-0d4826e0d1f8/profile_1.jpg;;;yes;no;Hhsbw;relationship
00cf76d1-3129-4c48-b5ee-33a02f4cb938;myself;Scott;Villarreal;1967-12-05;christian;;;;dastardlyduck2112@yahoo.com;4173001055;Ozark;false;never-married;6'1;non-vegetarian;diploma;;Unemployed ;2025-10-22 00:05:01.965203+00;2025-10-22 00:05:09.458039+00;https://rndydzwhvkxosnbkovra.supabase.co/storage/v1/object/public/profile-photos/00cf76d1-3129-4c48-b5ee-33a02f4cb938/profile_1.jpeg;https://rndydzwhvkxosnbkovra.supabase.co/storage/v1/object/public/profile-photos/00cf76d1-3129-4c48-b5ee-33a02f4cb938/profile_2.jpeg;https://rndydzwhvkxosnbkovra.supabase.co/storage/v1/object/public/profile-photos/00cf76d1-3129-4c48-b5ee-33a02f4cb938/profile_3.jpeg;no;occasionally;MO;relationship